year,total_arrivals
2011,16427246.973806905
2012,15517621.57756811
2013,17919579.591665335
2014,22033462.07035181
